{"cameraMode":{"drawMode":0,"name":"Shaded","section":"Shading Mode"},"sceneLighting":false,"audioPlay":false,"sceneViewState":{"showFog":false,"showMaterialUpdate":false,"showSkybox":false,"showFlares":false,"showImageEffects":false,"showParticleSystems":false},"in2DMode":false,"pivot":{"x":1.5161372423171998,"y":-0.30995869636535647,"z":2.2264537811279299},"rotation":{"x":-0.26028957962989809,"y":0.42572110891342165,"z":-0.1293153017759323,"w":-0.8569064140319824},"size":5.928925514221191,"orthographic":false}