{"cameraMode":{"drawMode":0,"name":"Shaded","section":"Shading Mode"},"sceneLighting":true,"audioPlay":false,"sceneViewState":{"showFog":true,"showMaterialUpdate":true,"showSkybox":true,"showFlares":true,"showImageEffects":true,"showParticleSystems":true},"in2DMode":false,"pivot":{"x":-1.4622793197631837,"y":-0.6549426317214966,"z":4.743733882904053},"rotation":{"x":0.28216564655303957,"y":-0.2632651925086975,"z":0.0808321014046669,"w":0.9189887046813965},"size":8.575668334960938,"orthographic":false}