{"cameraMode":{"drawMode":0,"name":"Shaded","section":"Shading Mode"},"sceneLighting":true,"audioPlay":false,"sceneViewState":{"showFog":false,"showMaterialUpdate":false,"showSkybox":false,"showFlares":false,"showImageEffects":false,"showParticleSystems":false},"in2DMode":false,"pivot":{"x":-2.664240837097168,"y":-1.8787894248962403,"z":5.272340297698975},"rotation":{"x":0.29041817784309389,"y":0.21908073127269746,"z":-0.0684904232621193,"w":0.9289617538452148},"size":13.374896049499512,"orthographic":false}