{"cameraMode":{"drawMode":0,"name":"Shaded","section":"Shading Mode"},"sceneLighting":false,"audioPlay":false,"sceneViewState":{"showFog":false,"showMaterialUpdate":false,"showSkybox":false,"showFlares":false,"showImageEffects":false,"showParticleSystems":false},"in2DMode":false,"pivot":{"x":6.26323938369751,"y":1.0288047790527344,"z":0.7707738876342773},"rotation":{"x":-0.1400626301765442,"y":-0.8484383821487427,"z":0.27730125188827517,"w":-0.4285309612751007},"size":9.833840370178223,"orthographic":false}