{"cameraMode":{"drawMode":0,"name":"Shaded","section":"Shading Mode"},"sceneLighting":false,"audioPlay":false,"sceneViewState":{"showFog":false,"showMaterialUpdate":false,"showSkybox":false,"showFlares":false,"showImageEffects":false,"showParticleSystems":false},"in2DMode":false,"pivot":{"x":2.823657989501953,"y":-0.8010432720184326,"z":2.8861382007598879},"rotation":{"x":-0.46641260385513308,"y":0.022029519081115724,"z":-0.011622561141848565,"w":-0.8842165470123291},"size":6.412445068359375,"orthographic":false}