{"cameraMode":{"drawMode":0,"name":"Shaded","section":"Shading Mode"},"sceneLighting":false,"audioPlay":false,"sceneViewState":{"showFog":false,"showMaterialUpdate":false,"showSkybox":false,"showFlares":false,"showImageEffects":false,"showParticleSystems":false},"in2DMode":false,"pivot":{"x":1.3969464302062989,"y":-0.7355678081512451,"z":0.4272494316101074},"rotation":{"x":0.21576566994190217,"y":0.7432200312614441,"z":-0.2830623686313629,"w":0.5665200352668762},"size":5.117423057556152,"orthographic":false}