{"cameraMode":{"drawMode":0,"name":"Shaded","section":"Shading Mode"},"sceneLighting":true,"audioPlay":false,"sceneViewState":{"showFog":false,"showMaterialUpdate":false,"showSkybox":false,"showFlares":false,"showImageEffects":false,"showParticleSystems":false},"in2DMode":false,"pivot":{"x":-2.7155508995056154,"y":-1.6161561012268067,"z":4.092854022979736},"rotation":{"x":-0.36024537682533266,"y":-0.21081434190273286,"z":0.08394628018140793,"w":-0.904839038848877},"size":13.636571884155274,"orthographic":false}