{"cameraMode":{"drawMode":0,"name":"Shaded","section":"Shading Mode"},"sceneLighting":false,"audioPlay":false,"sceneViewState":{"showFog":false,"showMaterialUpdate":false,"showSkybox":false,"showFlares":false,"showImageEffects":false,"showParticleSystems":false},"in2DMode":false,"pivot":{"x":1.8737034797668458,"y":-1.35986328125,"z":2.0009498596191408},"rotation":{"x":0.4346155822277069,"y":0.2443838268518448,"z":-0.12379999458789826,"w":0.8579390645027161},"size":5.26222038269043,"orthographic":false}