{"cameraMode":{"drawMode":0,"name":"Shaded","section":"Shading Mode"},"sceneLighting":false,"audioPlay":false,"sceneViewState":{"showFog":false,"showMaterialUpdate":false,"showSkybox":false,"showFlares":false,"showImageEffects":false,"showParticleSystems":false},"in2DMode":false,"pivot":{"x":2.2920751571655275,"y":-0.8123326301574707,"z":1.8638527393341065},"rotation":{"x":0.144210085272789,"y":-0.8116614818572998,"z":0.22541332244873048,"w":0.5192282795906067},"size":5.349184989929199,"orthographic":false}