{"cameraMode":{"drawMode":0,"name":"Shaded","section":"Shading Mode"},"sceneLighting":false,"audioPlay":false,"sceneViewState":{"showFog":false,"showMaterialUpdate":false,"showSkybox":false,"showFlares":false,"showImageEffects":false,"showParticleSystems":false},"in2DMode":false,"pivot":{"x":2.5,"y":0.0024999957531690599,"z":2.659374952316284},"rotation":{"x":-0.48692333698272707,"y":0.0625171810388565,"z":-0.03496990725398064,"w":-0.8705023527145386},"size":6.020516395568848,"orthographic":false}