{"cameraMode":{"drawMode":0,"name":"Shaded","section":"Shading Mode"},"sceneLighting":false,"audioPlay":false,"sceneViewState":{"showFog":false,"showMaterialUpdate":false,"showSkybox":false,"showFlares":false,"showImageEffects":false,"showParticleSystems":false},"in2DMode":false,"pivot":{"x":2.440107822418213,"y":-0.6955826282501221,"z":1.640124797821045},"rotation":{"x":-0.41479283571243288,"y":0.2677111327648163,"z":-0.12911199033260346,"w":-0.8600046038627625},"size":5.50841760635376,"orthographic":false}