{"cameraMode":{"drawMode":0,"name":"Shaded","section":"Shading Mode"},"sceneLighting":false,"audioPlay":false,"sceneViewState":{"showFog":false,"showMaterialUpdate":false,"showSkybox":false,"showFlares":false,"showImageEffects":false,"showParticleSystems":false},"in2DMode":false,"pivot":{"x":1.3684992790222169,"y":-0.6871166229248047,"z":0.6461966633796692},"rotation":{"x":0.6254644989967346,"y":-0.050223179161548617,"z":0.04039876535534859,"w":0.7775858044624329},"size":3.9174225330352785,"orthographic":false}