{"cameraMode":{"drawMode":0,"name":"Shaded","section":"Shading Mode"},"sceneLighting":true,"audioPlay":false,"sceneViewState":{"showFog":false,"showMaterialUpdate":false,"showSkybox":false,"showFlares":false,"showImageEffects":false,"showParticleSystems":false},"in2DMode":false,"pivot":{"x":2.646533727645874,"y":-0.18383026123046876,"z":2.160414457321167},"rotation":{"x":-0.4809008538722992,"y":0.06904803216457367,"z":-0.03802887722849846,"w":-0.8732242584228516},"size":5.512444496154785,"orthographic":false}